{"cameraMode":{"drawMode":0,"name":"Shaded","section":"Shading Mode"},"sceneLighting":false,"audioPlay":false,"sceneViewState":{"showFog":false,"showMaterialUpdate":false,"showSkybox":false,"showFlares":false,"showImageEffects":false,"showParticleSystems":true},"in2DMode":false,"pivot":{"x":-0.20000028610229493,"y":0.009999990463256836,"z":-8.149999618530274},"rotation":{"x":-0.4941851496696472,"y":-0.0005017457297071815,"z":0.0003062289906665683,"w":-0.8693565130233765},"size":34.27695846557617,"orthographic":true}