{"cameraMode":{"drawMode":0,"name":"Shaded","section":"Shading Mode"},"sceneLighting":false,"audioPlay":false,"sceneViewState":{"showFog":false,"showMaterialUpdate":false,"showSkybox":false,"showFlares":false,"showImageEffects":false,"showParticleSystems":true},"in2DMode":false,"pivot":{"x":1.2842433452606202,"y":0.38434797525405886,"z":0.06655967235565186},"rotation":{"x":0.006701210048049688,"y":-0.9892148375511169,"z":0.1382887214422226,"w":0.047805264592170718},"size":2.937192678451538,"orthographic":true}