{"cameraMode":{"drawMode":0,"name":"Shaded","section":"Shading Mode"},"sceneLighting":false,"audioPlay":false,"sceneViewState":{"showFog":false,"showMaterialUpdate":false,"showSkybox":false,"showFlares":false,"showImageEffects":false,"showParticleSystems":true},"in2DMode":false,"pivot":{"x":-0.0224531888961792,"y":0.6175248026847839,"z":0.0},"rotation":{"x":-0.4941851496696472,"y":-0.0005017457297071815,"z":0.0003062289906665683,"w":-0.8693565130233765},"size":4.152917385101318,"orthographic":true}