{"cameraMode":{"drawMode":0,"name":"Shaded","section":"Shading Mode"},"sceneLighting":true,"audioPlay":false,"sceneViewState":{"showFog":false,"showMaterialUpdate":false,"showSkybox":false,"showFlares":false,"showImageEffects":false,"showParticleSystems":true},"in2DMode":false,"pivot":{"x":-0.18655967712402345,"y":1.00390625,"z":-0.49609375},"rotation":{"x":-0.4941851496696472,"y":-0.0005017457297071815,"z":0.0003062289906665683,"w":-0.8693565130233765},"size":30.283477783203126,"orthographic":true}